Introduction,PDF_Year
,2021
,2021
,2021
,2021
,2021
"W
olf Population Monitoring Background",2021
,2021
,2021
,2021
,2021
,2021
,2021
,2021
,2021
,2021
,2021
,2021
,2021
,2021
,2021
,2021
,2021
,2021
,2021
,2021
,2021
,2021
,2021
,2021
,2021
,2021
,2021
,2021
"W
inter Carnivore Snow Tracking Program",2021
,2021
,2021
,2021
,2021
,2021
,2021
,2021
,2022
,2022
,2022
,2022
,2022
Wolf Population Monitoring Background,2022
,2022
,2022
,2022
,2022
,2022
,2022
,2022
,2022
,2022
,2022
,2022
,2022
,2022
,2022
,2022
,2022
,2022
,2022
,2022
,2022
,2022
,2022
,2022
,2022
,2022
,2022
Winter Carnivore Snow Tracking Program,2022
,2022
,2022
,2022
,2022
,2022
,2022
,2022
,2022
,2022
